{"stat.walkOneCm":31814,"achievement.openInventory":9,"stat.leaveGame":2,"stat.pickup.minecraft.leather":1,"stat.useItem.caster.firesword":2,"stat.pickup.caster.leafpickaxe":1,"stat.mobKills":1,"stat.mineBlock.minecraft.sandstone":480,"stat.flyOneCm":701,"stat.pickup.minecraft.sandstone":479,"stat.jump":27,"stat.playOneMinute":23803,"stat.damageDealt":90,"stat.timeSinceDeath":23803,"stat.killEntity.Cow":1,"stat.useItem.caster.leafpickaxe":480,"achievement.exploreAllBiomes":{"value":0,"progress":["Desert"]},"stat.pickup.minecraft.cooked_beef":2}