{"stat.pickup.caster.twig":1,"stat.walkOneCm":2048,"stat.drop.caster.bottleofelixir":1,"stat.drop.caster.twig":1,"stat.drop":5,"stat.pickup.caster.bottleofelixir":1,"stat.playOneMinute":2051,"achievement.openInventory":3,"stat.drop.caster.leaf":1,"stat.pickup.caster.leaf":1,"stat.pickup.caster.emptybottle":1,"stat.leaveGame":1,"stat.drop.caster.emptybottle":1,"stat.timeSinceDeath":2051,"stat.pickup.caster.guidebook":1,"achievement.exploreAllBiomes":{"value":0,"progress":["Desert"]},"stat.drop.caster.guidebook":1,"stat.craftItem.minecraft.sandstone":3}