{"stat.flyOneCm":2762,"stat.walkOneCm":5754,"stat.jump":6,"stat.craftItem.minecraft.ladder":2,"stat.playOneMinute":7187,"achievement.openInventory":13,"stat.useItem.caster.leafsword":23,"stat.killEntity.Sheep":43,"stat.leaveGame":1,"stat.sneakTime":89,"stat.pickup.minecraft.wool":35,"stat.damageDealt":810,"stat.crouchOneCm":170,"stat.timeSinceDeath":7187,"stat.mobKills":43,"achievement.exploreAllBiomes":{"value":0,"progress":["Desert"]},"stat.craftItem.minecraft.fence":13,"stat.pickup.minecraft.mutton":49,"stat.craftItem.minecraft.sandstone":8}